"","data","horario","id_video","id_plataforma","alim_disp","alim_esco_capuchin","id_animal","id_especie","sex_age","n_classe","n_total","id_capuchin","alim","vocalizacao","agonismo_disputa_alimento","agonismo_deslocar","agonismo_deslocado","agonismo_ameaca","agonismo_int_intra","agonismo_int_inter","positiva_int_intra","positiva_int_inter","neutra_int_intra","neutra_int_inter"
"1","2025-06-14","14:33:00","6140007","3","mamao","mamao","macaco_prego","Sapajus nigritus cucullatus","MA",2,3,"alfa","1",NA,NA,NA,NA,NA,NA,NA,NA,NA,1,NA
"2","2025-06-14","14:33:00","6140007","3","mamao","mamao","macaco_prego","Sapajus nigritus cucullatus","JU",1,3,NA,"0",NA,NA,NA,NA,NA,NA,NA,NA,NA,1,NA
"3","2025-06-14","14:33:00","6140007","3","mamao",NA,"macaco_prego","Sapajus nigritus cucullatus","MA",2,3,NA,"0",NA,NA,NA,NA,NA,NA,NA,NA,NA,1,NA
"4","2025-06-14","14:35:00","6140008","3",NA,NA,"macaco_prego","Sapajus nigritus cucullatus","JU",1,2,NA,"0",NA,NA,NA,NA,NA,NA,NA,NA,NA,1,NA
"5","2025-06-14","14:35:00","6140008","3",NA,NA,"macaco_prego","Sapajus nigritus cucullatus","FA",1,2,NA,"0",NA,NA,NA,NA,NA,NA,NA,NA,NA,1,NA
"6","2025-06-14","16:07:00","6140009","3",NA,NA,"macaco_prego","Sapajus nigritus cucullatus","FA",1,1,NA,"0",NA,NA,NA,NA,NA,NA,NA,NA,NA,NA,NA
"7","2025-07-09","14:18:00","7090022","3",NA,"restos","macaco_prego","Sapajus nigritus cucullatus","MA",1,1,"alfa","1",NA,NA,NA,NA,NA,NA,NA,NA,NA,NA,NA
"8","2025-07-09","14:19:00","7090023","3",NA,"restos","macaco_prego","Sapajus nigritus cucullatus","MA",1,2,"alfa","1",NA,NA,NA,NA,NA,NA,NA,NA,NA,1,NA
"9","2025-07-09","14:19:00","7090023","3",NA,"restos","macaco_prego","Sapajus nigritus cucullatus","FA",1,2,NA,"1",NA,NA,NA,NA,NA,NA,NA,NA,NA,1,NA
"10","2025-07-09","14:38:00","7090024","3",NA,NA,"macaco_prego","Sapajus nigritus cucullatus","NI",1,1,NA,"0",NA,NA,NA,NA,NA,NA,NA,NA,NA,NA,NA
"11","2025-07-09","14:58:00","7090025","3",NA,NA,"macaco_prego","Sapajus nigritus cucullatus","FA",1,1,NA,"0",NA,NA,NA,NA,NA,NA,NA,NA,NA,NA,NA
"12","2025-07-09","15:02:00","7090026","3",NA,NA,"macaco_prego","Sapajus nigritus cucullatus","NI",NA,2,NA,"0",NA,NA,NA,NA,NA,NA,NA,1,NA,NA,NA
"13","2025-07-09","15:02:00","7090026","3",NA,NA,"macaco_prego","Sapajus nigritus cucullatus","NI",NA,2,NA,"0",NA,NA,NA,NA,NA,NA,NA,1,NA,NA,NA
"14","2025-07-09","15:05:00","7090027","3",NA,NA,"macaco_prego","Sapajus nigritus cucullatus","FA",1,2,NA,"0",NA,NA,NA,NA,NA,NA,NA,NA,NA,NA,NA
"15","2025-07-09","15:05:00","7090027","3",NA,NA,"macaco_prego","Sapajus nigritus cucullatus","JU",1,2,NA,"0",NA,NA,NA,NA,NA,NA,NA,NA,NA,NA,NA
"16","2025-07-09","15:25:00","7090028","3",NA,NA,"macaco_prego","Sapajus nigritus cucullatus","FA",1,1,NA,"0",NA,NA,NA,NA,NA,NA,NA,NA,NA,NA,NA
"17","2025-07-09","16:04:00","7090029","3",NA,NA,"macaco_prego","Sapajus nigritus cucullatus","NI",1,1,NA,"0",NA,NA,NA,NA,NA,NA,NA,NA,NA,NA,NA
"18","2025-07-30","14:54:00","7300022","4",NA,NA,"macaco_prego","Sapajus nigritus cucullatus","FA",NA,NA,NA,"0",NA,NA,NA,NA,NA,NA,NA,NA,NA,NA,NA
"19","2025-07-30","14:54:00","7300023","4",NA,NA,"macaco_prego","Sapajus nigritus cucullatus","FA",NA,NA,NA,"0",NA,NA,NA,NA,NA,NA,NA,NA,NA,NA,NA
"20","2025-07-30","15:07:00","7300024","4",NA,NA,"macaco_prego","Sapajus nigritus cucullatus","FA",NA,NA,NA,"0",NA,NA,NA,NA,NA,NA,NA,NA,NA,NA,NA
"21","2025-08-11","14:13:00","8110026","4",NA,NA,"macaco_prego","Sapajus nigritus cucullatus","FA",NA,NA,NA,"0",NA,NA,NA,NA,NA,NA,NA,NA,NA,NA,NA
"22","2025-08-11","14:16:00","8110027","4",NA,NA,"macaco_prego","Sapajus nigritus cucullatus","FA",1,1,"Paper","0",NA,NA,NA,NA,1,NA,NA,NA,NA,NA,NA
"23","2025-08-11","14:17:00","8110028","4",NA,NA,"macaco_prego","Sapajus nigritus cucullatus","FA",NA,2,"Z","0",NA,NA,NA,NA,NA,NA,NA,NA,NA,NA,NA
"24","2025-08-11","14:17:00","8110028","4",NA,NA,"macaco_prego","Sapajus nigritus cucullatus","NI",NA,2,NA,"0",NA,NA,NA,NA,NA,NA,NA,NA,NA,NA,NA
"25","2025-08-11","14:18:00","8110029","4",NA,NA,"macaco_prego","Sapajus nigritus cucullatus","NI",NA,NA,NA,"0",NA,NA,NA,NA,NA,NA,NA,NA,NA,NA,NA
"26","2025-08-11","15:16:00","8110011","3",NA,NA,"macaco_prego","Sapajus nigritus cucullatus","JU",1,1,NA,"0",NA,NA,NA,NA,NA,NA,NA,NA,NA,NA,NA
"27","2025-08-16","15:23:00","8160013","4","abacate",NA,"macaco_prego","Sapajus nigritus cucullatus","NI",NA,NA,NA,"0",1,NA,NA,NA,NA,NA,NA,NA,NA,NA,NA
"28","2025-08-18","13:59:00","8180079","4","abacate","abacate","macaco_prego","Sapajus nigritus cucullatus","FA",NA,NA,NA,"1",NA,NA,NA,NA,NA,NA,NA,NA,NA,NA,NA
"29","2025-08-18","13:59:00","8180080","4","abacate","abacate","macaco_prego","Sapajus nigritus cucullatus","FA",NA,NA,NA,"1",NA,NA,NA,NA,NA,NA,NA,NA,NA,NA,NA
"30","2025-08-18","13:59:00","8180080","4","abacate","abacate","macaco_prego","Sapajus nigritus cucullatus","JU",NA,NA,NA,"1",NA,NA,NA,NA,1,NA,NA,NA,NA,NA,NA
"31","2025-08-18","14:00:00","8180080","4","abacate",NA,"macaco_prego","Sapajus nigritus cucullatus","JU",NA,NA,NA,"0",NA,NA,NA,NA,NA,NA,NA,NA,NA,NA,NA
"32","2025-08-18","14:01:00","8180081","4","abacate","abacate","macaco_prego","Sapajus nigritus cucullatus","FA",NA,NA,NA,"1",NA,NA,NA,1,NA,NA,NA,NA,NA,NA,NA
"33","2025-08-18","14:01:00","8180081","4","abacate","abacate","macaco_prego","Sapajus nigritus cucullatus","JU",NA,NA,NA,"1",NA,NA,NA,1,NA,NA,NA,NA,NA,NA,NA
"34","2025-08-18","14:01:00","8180081","4","abacate","abacate","macaco_prego","Sapajus nigritus cucullatus","FA",NA,NA,NA,"1",NA,NA,2,NA,NA,NA,NA,NA,NA,NA,NA
"35","2025-08-18","14:02:00","8180082","4","abacate","trigo","macaco_prego","Sapajus nigritus cucullatus","JU",1,3,NA,"1",NA,NA,NA,NA,NA,NA,NA,NA,NA,NA,NA
"36","2025-08-18","14:02:00","8180082","4","abacate","abacate","macaco_prego","Sapajus nigritus cucullatus","FA",2,3,NA,"1",NA,NA,NA,NA,NA,NA,NA,NA,NA,NA,NA
"37","2025-08-18","14:02:00","8180082","4","abacate","abacate","macaco_prego","Sapajus nigritus cucullatus","MA",NA,NA,NA,"1",NA,NA,NA,NA,NA,NA,NA,NA,NA,NA,NA
"38","2025-08-18","14:03:00","8180083","4","abacate","abacate","macaco_prego","Sapajus nigritus cucullatus","MA",NA,NA,NA,"1",NA,NA,1,NA,1,NA,NA,NA,NA,NA,NA
"39","2025-08-18","14:03:00","8180083","4","abacate","abacate","macaco_prego","Sapajus nigritus cucullatus","NI",NA,NA,NA,"1",NA,NA,NA,1,NA,NA,NA,NA,NA,NA,NA
"40","2025-08-18","14:03:00","8180084","4","abacate","abacate","macaco_prego","Sapajus nigritus cucullatus","NI",NA,NA,NA,"1",NA,NA,NA,NA,NA,NA,NA,NA,NA,NA,NA
"41","2025-08-18","14:03:00","8180084","4","abacate","trigo","macaco_prego","Sapajus nigritus cucullatus","JU",1,NA,NA,"1",NA,NA,NA,NA,NA,NA,NA,NA,NA,NA,NA
"42","2025-08-18","14:05:00","8180085","4","abacate","abacate","macaco_prego","Sapajus nigritus cucullatus","JU",NA,NA,NA,"1",NA,NA,NA,NA,NA,NA,NA,NA,NA,NA,NA
"43","2025-08-18","14:05:00","8180085","4","abacate","abacate","macaco_prego","Sapajus nigritus cucullatus","NI",NA,NA,NA,"1",NA,NA,NA,NA,1,NA,NA,NA,NA,NA,NA
"44","2025-08-18","14:05:00","8180086","4","abacate","trigo","macaco_prego","Sapajus nigritus cucullatus","JU",NA,NA,NA,"1",NA,NA,NA,NA,NA,NA,NA,NA,NA,NA,NA
"45","2025-08-18","14:05:00","8180086","4","abacate","abacate","macaco_prego","Sapajus nigritus cucullatus","JU",NA,NA,NA,"1",NA,NA,NA,NA,NA,NA,NA,NA,NA,NA,NA
"46","2025-08-18","14:08:00","8180090","4","abacate","abacate","macaco_prego","Sapajus nigritus cucullatus","NI",NA,NA,NA,"1",NA,NA,NA,NA,NA,NA,NA,NA,NA,NA,NA
"47","2025-08-18","14:09:00","8180091","4","abacate","abacate","macaco_prego","Sapajus nigritus cucullatus","NI",NA,NA,NA,"1",NA,NA,NA,NA,NA,NA,NA,NA,NA,NA,NA
"48","2025-08-18","14:10:00","8180092","4","abacate","abacate","macaco_prego","Sapajus nigritus cucullatus","NI",NA,NA,NA,"1",NA,NA,NA,NA,NA,NA,NA,NA,NA,NA,NA
"49","2025-08-18","14:11:00","8180093","4","abacate","abacate","macaco_prego","Sapajus nigritus cucullatus","MA",NA,2,"alfa","1",NA,NA,NA,NA,NA,NA,NA,NA,NA,NA,NA
"50","2025-08-18","14:11:00","8180093","4","abacate","abacate","macaco_prego","Sapajus nigritus cucullatus","NI",NA,NA,NA,"1",NA,NA,NA,NA,NA,NA,NA,NA,NA,NA,NA
"51","2025-08-18","14:11:00","8180093","4","abacate",NA,"macaco_prego","Sapajus nigritus cucullatus","JU",NA,NA,NA,"1",NA,NA,NA,NA,NA,NA,NA,NA,NA,NA,NA
"52","2025-08-18","14:12:00","8180094","4","abacate","abacate","macaco_prego","Sapajus nigritus cucullatus","MA",NA,2,"alfa","1",NA,NA,NA,NA,NA,NA,NA,NA,NA,NA,NA
"53","2025-08-18","14:12:00","8180094","4","abacate",NA,"macaco_prego","Sapajus nigritus cucullatus","JU",1,2,NA,"0",NA,NA,NA,NA,NA,NA,NA,NA,NA,NA,NA
"54","2025-08-18","14:12:00","8180094","4","abacate",NA,"macaco_prego","Sapajus nigritus cucullatus","NI",NA,NA,NA,"0",NA,NA,NA,NA,NA,NA,NA,NA,NA,NA,NA
"55","2025-08-18","14:12:00","8180095","4","abacate","abacate","macaco_prego","Sapajus nigritus cucullatus","MA",1,3,"alfa","1",NA,NA,NA,NA,NA,NA,NA,NA,NA,NA,NA
"56","2025-08-18","14:12:00","8180095","4","abacate","abacate","macaco_prego","Sapajus nigritus cucullatus","JU",2,3,NA,"1",NA,NA,NA,NA,NA,NA,NA,NA,NA,NA,NA
"57","2025-08-18","14:12:00","8180095","4","abacate",NA,"macaco_prego","Sapajus nigritus cucullatus","JU",2,3,NA,"0",NA,NA,NA,NA,NA,NA,NA,NA,NA,NA,NA
"58","2025-08-18","14:13:00","8180096","4","abacate",NA,"macaco_prego","Sapajus nigritus cucullatus","MA",1,3,"alfa","0",NA,NA,NA,NA,NA,NA,NA,NA,NA,NA,NA
"59","2025-08-18","14:13:00","8180096","4","abacate","abacate","macaco_prego","Sapajus nigritus cucullatus","JU",2,3,NA,"1",NA,NA,NA,NA,NA,NA,NA,NA,NA,NA,NA
"60","2025-08-18","14:13:00","8180096","4","abacate","abacate","macaco_prego","Sapajus nigritus cucullatus","JU",2,3,NA,"1",NA,NA,NA,NA,NA,NA,NA,NA,NA,NA,NA
"61","2025-08-18","14:14:00","8180097","4","abacate","abacate","macaco_prego","Sapajus nigritus cucullatus","JU",NA,NA,NA,"1",NA,NA,NA,NA,NA,NA,NA,NA,NA,NA,NA
"62","2025-08-18","14:14:00","8180097","4","abacate","abacate","macaco_prego","Sapajus nigritus cucullatus","JU",NA,NA,NA,"1",NA,NA,NA,NA,NA,NA,NA,NA,NA,NA,NA
"63","2025-08-18","14:14:00","8180097","4","abacate","abacate","macaco_prego","Sapajus nigritus cucullatus","NI",NA,NA,NA,"1",NA,NA,NA,NA,NA,NA,NA,NA,NA,NA,NA
"64","2025-08-18","14:14:00","8180097","4","abacate","abacate","macaco_prego","Sapajus nigritus cucullatus","NI",NA,NA,NA,"1",NA,NA,NA,NA,NA,NA,NA,NA,NA,NA,NA
"65","2025-08-18","14:14:00","8180098","4","abacate","abacate","macaco_prego","Sapajus nigritus cucullatus","JU",NA,NA,NA,"1",NA,NA,NA,NA,NA,NA,NA,NA,NA,NA,NA
"66","2025-08-18","14:14:00","8180098","4","abacate","abacate","macaco_prego","Sapajus nigritus cucullatus","JU",NA,NA,NA,"1",NA,NA,NA,NA,NA,NA,NA,NA,NA,NA,NA
"67","2025-08-18","14:14:00","8180098","4","abacate",NA,"macaco_prego","Sapajus nigritus cucullatus","NI",NA,NA,NA,"0",NA,NA,NA,NA,NA,NA,NA,NA,NA,NA,NA
"68","2025-08-18","14:15:00","8180099","4","abacate","abacate","macaco_prego","Sapajus nigritus cucullatus","JU",NA,NA,NA,"1",NA,NA,NA,NA,NA,NA,NA,NA,NA,NA,NA
"69","2025-08-18","14:15:00","8180099","4","abacate","abacate","macaco_prego","Sapajus nigritus cucullatus","JU",NA,NA,NA,"1",NA,NA,NA,NA,NA,NA,NA,NA,NA,NA,NA
"70","2025-08-18","14:15:00","8180099","4","abacate","abacate","macaco_prego","Sapajus nigritus cucullatus","NI",NA,NA,NA,"1",NA,NA,NA,NA,NA,NA,NA,NA,NA,NA,NA
"71","2025-08-18","14:15:00","8180100","4","abacate","abacate","macaco_prego","Sapajus nigritus cucullatus","JU",NA,NA,NA,"1",NA,NA,NA,NA,NA,NA,NA,NA,NA,NA,NA
"72","2025-08-18","14:15:00","8180100","4","abacate",NA,"macaco_prego","Sapajus nigritus cucullatus","NI",NA,NA,NA,"0",NA,NA,NA,NA,NA,NA,NA,NA,NA,NA,NA
"73","2025-08-18","14:16:00","8180101","4","abacate","abacate","macaco_prego","Sapajus nigritus cucullatus","JU",NA,NA,NA,"1",NA,NA,NA,NA,NA,NA,NA,NA,NA,NA,NA
"74","2025-08-18","14:16:00","8180101","4","abacate","abacate","macaco_prego","Sapajus nigritus cucullatus","JU",NA,NA,NA,"1",NA,NA,NA,NA,NA,NA,NA,NA,NA,NA,NA
"75","2025-08-18","14:16:00","8180101","4","abacate",NA,"macaco_prego","Sapajus nigritus cucullatus","NI",NA,NA,NA,"0",NA,NA,NA,NA,NA,NA,NA,NA,NA,NA,NA
"76","2025-08-18","14:16:00","8180102","4","abacate","abacate","macaco_prego","Sapajus nigritus cucullatus","NI",NA,NA,NA,"1",NA,NA,NA,NA,NA,NA,NA,NA,NA,NA,NA
"77","2025-08-18","14:16:00","8180102","4","abacate","abacate","macaco_prego","Sapajus nigritus cucullatus","NI",NA,NA,NA,"1",NA,NA,NA,NA,NA,NA,NA,NA,NA,NA,NA
"78","2025-08-18","14:16:00","8180102","4","abacate",NA,"macaco_prego","Sapajus nigritus cucullatus","NI",NA,NA,NA,"0",NA,NA,NA,NA,NA,NA,NA,NA,NA,NA,NA
"79","2025-08-18","14:21:00","8180103","4","abacate","abacate","macaco_prego","Sapajus nigritus cucullatus","NI",NA,NA,NA,"1",NA,NA,NA,NA,NA,NA,NA,NA,NA,NA,NA
"80","2025-08-18","14:21:00","8180103","4","abacate","abacate","macaco_prego","Sapajus nigritus cucullatus","NI",NA,NA,NA,"1",NA,NA,NA,NA,NA,NA,NA,NA,NA,NA,NA
"81","2025-08-18","14:22:00","8180104","4","abacate","abacate","macaco_prego","Sapajus nigritus cucullatus","NI",NA,NA,NA,"1",NA,NA,NA,NA,NA,NA,NA,NA,NA,NA,NA
"82","2025-08-18","14:22:00","8180104","4","abacate","abacate","macaco_prego","Sapajus nigritus cucullatus","JU",NA,NA,NA,"1",NA,NA,NA,NA,NA,NA,NA,NA,NA,NA,NA
"83","2025-08-18","14:23:00","8180013","3","abacate","abacate","macaco_prego","Sapajus nigritus cucullatus","JU",NA,NA,NA,"1",NA,NA,NA,NA,NA,NA,NA,NA,NA,NA,NA
"84","2025-08-18","14:23:00","8180105","4","abacate","abacate","macaco_prego","Sapajus nigritus cucullatus","JU",NA,NA,NA,"1",NA,NA,NA,NA,NA,NA,NA,NA,NA,NA,NA
"85","2025-08-18","14:23:00","8180106","4","abacate","abacate","macaco_prego","Sapajus nigritus cucullatus","JU",NA,NA,NA,"1",NA,NA,NA,NA,NA,NA,NA,NA,NA,NA,NA
"86","2025-08-18","14:23:00","8180107","4","abacate","abacate","macaco_prego","Sapajus nigritus cucullatus","JU",NA,NA,NA,"1",NA,NA,NA,NA,NA,NA,NA,NA,NA,NA,NA
"87","2025-08-18","14:24:00","8180014","3","abacate","abacate","macaco_prego","Sapajus nigritus cucullatus","MA",NA,NA,"alfa","1",NA,NA,NA,NA,NA,NA,NA,NA,NA,NA,NA
"88","2025-08-18","14:24:00","8180014","3","abacate","abacate","macaco_prego","Sapajus nigritus cucullatus","JU",NA,NA,NA,"1",NA,NA,NA,NA,NA,NA,NA,NA,NA,NA,NA
"89","2025-08-18","14:24:00","8180108","4","abacate","abacate","macaco_prego","Sapajus nigritus cucullatus","NI",NA,NA,NA,"1",NA,NA,NA,NA,NA,NA,NA,NA,NA,NA,NA
"90","2025-08-18","14:25:00","8180015","3","abacate","abacate","macaco_prego","Sapajus nigritus cucullatus","MA",NA,NA,"alfa","1",NA,NA,NA,NA,NA,NA,NA,NA,NA,NA,NA
"91","2025-08-18","14:25:00","8180015","3","abacate","abacate","macaco_prego","Sapajus nigritus cucullatus","NI",NA,NA,NA,"1",NA,NA,NA,NA,NA,NA,NA,NA,NA,NA,NA
"92","2025-08-18","14:25:00","8180109","4","abacate","abacate","macaco_prego","Sapajus nigritus cucullatus","JU",NA,NA,NA,"1",NA,NA,NA,NA,NA,NA,NA,NA,NA,NA,NA
"93","2025-08-18","14:26:00","8180110","4","abacate",NA,"macaco_prego","Sapajus nigritus cucullatus","JU",NA,NA,NA,"0",NA,NA,NA,NA,NA,NA,NA,NA,NA,NA,NA
"94","2025-08-18","14:27:00","8180016","3","abacate","abacate","macaco_prego","Sapajus nigritus cucullatus","NI",NA,NA,NA,"1",NA,NA,NA,NA,NA,NA,NA,NA,NA,NA,NA
"95","2025-08-18","14:27:00","8180017","3","abacate","abacate","macaco_prego","Sapajus nigritus cucullatus","NI",NA,NA,NA,"1",NA,NA,NA,NA,NA,NA,NA,NA,NA,NA,NA
"96","2025-08-18","14:27:00","8180017","3","abacate","abacate","macaco_prego","Sapajus nigritus cucullatus","NI",NA,NA,NA,"1",NA,NA,NA,NA,NA,NA,NA,NA,NA,NA,NA
"97","2025-08-18","14:27:00","8180017","3","abacate","abacate","macaco_prego","Sapajus nigritus cucullatus","NI",NA,NA,NA,"1",NA,NA,NA,NA,NA,NA,1,NA,NA,NA,NA
"98","2025-08-18","14:27:00","8180017","3","abacate",NA,"macaco_prego","Sapajus nigritus cucullatus","NI",NA,NA,NA,"0",NA,NA,NA,NA,NA,NA,NA,NA,NA,NA,NA
"99","2025-08-18","14:27:00","8180017","3","abacate","abacate","macaco_prego","Sapajus nigritus cucullatus","NI",NA,NA,NA,"1",NA,NA,NA,NA,NA,NA,NA,NA,NA,NA,NA
"100","2025-08-18","14:29:00","8180018","3","abacate","abacate","macaco_prego","Sapajus nigritus cucullatus","NI",NA,NA,NA,"1",NA,NA,NA,NA,NA,NA,NA,NA,NA,NA,NA
"101","2025-08-18","14:29:00","8180018","3","abacate","abacate","macaco_prego","Sapajus nigritus cucullatus","NI",NA,NA,NA,"1",NA,NA,NA,NA,NA,NA,NA,NA,NA,NA,NA
"102","2025-08-18","14:29:00","8180018","3","abacate",NA,"macaco_prego","Sapajus nigritus cucullatus","NI",NA,NA,NA,"0",NA,NA,NA,NA,NA,NA,NA,NA,NA,NA,NA
"103","2025-08-18","14:32:00","8180019","3","abacate","abacate","macaco_prego","Sapajus nigritus cucullatus","JU",NA,NA,NA,"1",NA,NA,NA,NA,NA,NA,NA,NA,NA,NA,NA
"104","2025-08-18","14:32:00","8180019","3","abacate",NA,"macaco_prego","Sapajus nigritus cucullatus","NI",NA,NA,NA,"0",NA,NA,NA,NA,NA,NA,NA,NA,NA,NA,NA
"105","2025-08-18","14:33:00","8180020","3","abacate","abacate","macaco_prego","Sapajus nigritus cucullatus","NI",NA,NA,NA,"1",NA,NA,NA,NA,NA,NA,NA,NA,NA,NA,NA
"106","2025-08-18","14:38:00","8180021","3","abacate","abacate","macaco_prego","Sapajus nigritus cucullatus","NI",NA,NA,NA,"1",NA,NA,NA,NA,NA,NA,NA,NA,NA,NA,NA
"107","2025-08-18","14:38:00","8180021","3","abacate","abacate","macaco_prego","Sapajus nigritus cucullatus","JU",NA,NA,NA,"1",NA,NA,NA,NA,NA,NA,NA,NA,NA,NA,NA
"108","2025-08-18","14:38:00","8180021","3","abacate","abacate","macaco_prego","Sapajus nigritus cucullatus","JU",NA,NA,NA,"1",NA,NA,NA,NA,NA,NA,NA,NA,NA,NA,NA
"109","2025-08-18","14:39:00","8180022","3","abacate","abacate","macaco_prego","Sapajus nigritus cucullatus","JU",NA,NA,NA,"1",NA,NA,NA,NA,NA,NA,NA,NA,NA,NA,NA
"110","2025-08-18","14:40:00","8180022","3","abacate","abacate","macaco_prego","Sapajus nigritus cucullatus","NI",NA,NA,NA,"1",NA,NA,NA,NA,NA,NA,NA,NA,NA,NA,NA
"111","2025-08-18","14:41:00","8180023","3","abacate","abacate","macaco_prego","Sapajus nigritus cucullatus","JU",NA,NA,NA,"1",NA,NA,NA,NA,NA,NA,NA,NA,NA,NA,NA
"112","2025-08-18","14:41:00","8180023","3","abacate","abacate","macaco_prego","Sapajus nigritus cucullatus","NI",NA,NA,NA,"1",NA,NA,NA,NA,NA,NA,NA,NA,NA,NA,NA
"113","2025-08-18","14:41:00","8180111","4","abacate","abacate","macaco_prego","Sapajus nigritus cucullatus","NI",NA,NA,NA,"1",NA,NA,NA,NA,NA,NA,NA,NA,NA,NA,NA
"114","2025-08-18","14:42:00","8180024","3","abacate","abacate","macaco_prego","Sapajus nigritus cucullatus","NI",NA,NA,NA,"1",NA,NA,NA,NA,NA,NA,NA,NA,NA,NA,NA
"115","2025-08-18","14:42:00","8180112","4","abacate","abacate","macaco_prego","Sapajus nigritus cucullatus","NI",NA,NA,NA,"1",NA,NA,NA,NA,NA,NA,NA,NA,NA,NA,NA
"116","2025-08-18","14:45:00","8180025","3","abacate","abacate","macaco_prego","Sapajus nigritus cucullatus","JU",NA,NA,NA,"1",NA,NA,NA,NA,NA,NA,NA,NA,NA,NA,NA
"117","2025-08-18","14:46:00","8180026","3","abacate",NA,"macaco_prego","Sapajus nigritus cucullatus","JU",NA,NA,NA,"0",NA,NA,NA,NA,NA,NA,NA,NA,NA,NA,NA
"118","2025-08-18","14:50:00","8180113","4","abacate","abacate","macaco_prego","Sapajus nigritus cucullatus","JU",NA,NA,NA,"1",NA,NA,NA,NA,NA,NA,NA,NA,NA,NA,NA
"119","2025-08-18","14:55:00","8180114","4","abacate","abacate","macaco_prego","Sapajus nigritus cucullatus","NI",NA,NA,NA,"1",NA,NA,NA,NA,NA,NA,NA,NA,NA,NA,NA
"120","2025-08-18","15:08:00","8180115","4","abacate","abacate","macaco_prego","Sapajus nigritus cucullatus","NI",NA,NA,NA,"1",NA,NA,NA,NA,NA,NA,NA,NA,NA,NA,NA
"121","2025-08-18","15:08:00","8180115","4","abacate","abacate","macaco_prego","Sapajus nigritus cucullatus","NI",NA,NA,NA,"1",NA,NA,NA,NA,NA,NA,NA,NA,NA,NA,NA
"122","2025-08-18","15:09:00","8180116","4","abacate","abacate","macaco_prego","Sapajus nigritus cucullatus","NI",NA,NA,NA,"1",NA,NA,NA,NA,NA,NA,NA,NA,NA,NA,NA
"123","2025-08-18","15:09:00","8180116","4","abacate","abacate","macaco_prego","Sapajus nigritus cucullatus","NI",NA,NA,NA,"1",NA,NA,NA,NA,NA,NA,NA,NA,NA,NA,NA
"124","2025-08-18","15:09:00","8180116","4","abacate","abacate","macaco_prego","Sapajus nigritus cucullatus","NI",NA,NA,NA,"1",NA,NA,NA,NA,NA,NA,NA,NA,NA,NA,NA
"125","2025-08-18","15:10:00","8180117","4","abacate",NA,"macaco_prego","Sapajus nigritus cucullatus","NI",NA,NA,NA,"0",NA,NA,NA,NA,NA,NA,NA,NA,NA,NA,NA
"126","2025-08-18","15:10:00","8180117","4","abacate",NA,"macaco_prego","Sapajus nigritus cucullatus","NI",NA,NA,NA,"0",NA,NA,NA,NA,NA,NA,NA,NA,NA,NA,NA
"127","2025-08-18","15:10:00","8180117","4","abacate","abacate","macaco_prego","Sapajus nigritus cucullatus","NI",NA,NA,NA,"1",NA,NA,NA,NA,NA,NA,NA,NA,NA,NA,NA
"128","2025-08-18","15:10:00","8180117","4","abacate",NA,"macaco_prego","Sapajus nigritus cucullatus","JU",NA,NA,NA,"0",NA,NA,NA,NA,NA,NA,NA,NA,NA,NA,NA
"129","2025-08-18","15:10:00","8180118","4","abacate","abacate","macaco_prego","Sapajus nigritus cucullatus","JU",NA,NA,NA,"1",NA,NA,NA,NA,NA,NA,NA,NA,NA,NA,NA
"130","2025-08-18","15:10:00","8180118","4","abacate","abacate","macaco_prego","Sapajus nigritus cucullatus","NI",NA,NA,NA,"1",NA,NA,NA,NA,NA,NA,NA,NA,NA,NA,NA
"131","2025-08-18","15:11:00","8180119","4","abacate",NA,"macaco_prego","Sapajus nigritus cucullatus","JU",NA,NA,NA,"0",NA,NA,NA,NA,NA,NA,NA,NA,NA,NA,NA
"132","2025-08-18","15:11:00","8180120","4","abacate","abacate","macaco_prego","Sapajus nigritus cucullatus","NI",NA,NA,NA,"1",NA,NA,NA,NA,NA,NA,NA,NA,NA,NA,NA
"133","2025-08-18","15:11:00","8180120","4","abacate",NA,"macaco_prego","Sapajus nigritus cucullatus","NI",NA,NA,NA,"0",NA,NA,NA,NA,NA,NA,NA,NA,NA,NA,NA
"134","2025-08-18","15:12:00","8180121","4","abacate",NA,"macaco_prego","Sapajus nigritus cucullatus","MA",NA,NA,"alfa","0",NA,NA,NA,NA,NA,NA,NA,NA,NA,NA,NA
"135","2025-08-18","15:12:00","8180121","4","abacate",NA,"macaco_prego","Sapajus nigritus cucullatus","NI",NA,NA,NA,"0",NA,NA,NA,NA,NA,NA,NA,NA,NA,NA,NA
"136","2025-08-18","15:12:00","8180122","4","abacate",NA,"macaco_prego","Sapajus nigritus cucullatus","MA",NA,NA,NA,"0",NA,NA,NA,NA,NA,NA,NA,NA,NA,NA,NA
"137","2025-08-18","15:12:00","8180122","4","abacate",NA,"macaco_prego","Sapajus nigritus cucullatus","NI",NA,NA,NA,"0",NA,NA,NA,NA,NA,NA,NA,NA,NA,NA,NA
"138","2025-08-18","15:12:00","8180122","4","abacate","abacate","macaco_prego","Sapajus nigritus cucullatus","JU",NA,NA,NA,"1",NA,NA,NA,NA,NA,NA,NA,NA,NA,NA,NA
"139","2025-08-18","15:13:00","8180123","4","abacate",NA,"macaco_prego","Sapajus nigritus cucullatus","MA",NA,NA,NA,"0",NA,NA,NA,NA,NA,NA,NA,NA,NA,NA,NA
"140","2025-08-18","15:13:00","8180123","4","abacate",NA,"macaco_prego","Sapajus nigritus cucullatus","NI",NA,NA,NA,"0",NA,NA,NA,NA,NA,NA,NA,NA,NA,NA,NA
"141","2025-08-18","15:13:00","8180123","4","abacate",NA,"macaco_prego","Sapajus nigritus cucullatus","JU",NA,NA,NA,"0",NA,NA,NA,NA,NA,NA,NA,NA,NA,NA,NA
"142","2025-08-18","15:13:00","8180124","4","abacate",NA,"macaco_prego","Sapajus nigritus cucullatus","NI",NA,NA,NA,"0",NA,NA,NA,NA,NA,NA,NA,NA,NA,NA,NA
"143","2025-08-18","15:13:00","8180124","4","abacate",NA,"macaco_prego","Sapajus nigritus cucullatus","MA",NA,NA,NA,"0",NA,NA,NA,NA,NA,NA,NA,NA,NA,NA,NA
"144","2025-08-18","15:13:00","8180124","4","abacate",NA,"macaco_prego","Sapajus nigritus cucullatus","JU",NA,NA,NA,"0",NA,NA,NA,NA,NA,NA,NA,NA,NA,NA,NA
"145","2025-08-18","15:14:00","8180125","4","abacate",NA,"macaco_prego","Sapajus nigritus cucullatus","MA",NA,NA,NA,"0",NA,NA,NA,NA,NA,NA,NA,NA,NA,NA,NA
"146","2025-08-18","15:14:00","8180125","4","abacate",NA,"macaco_prego","Sapajus nigritus cucullatus","JU",NA,NA,NA,"0",NA,NA,NA,NA,NA,NA,NA,NA,NA,NA,NA
"147","2025-08-18","15:14:00","8180125","4","abacate",NA,"macaco_prego","Sapajus nigritus cucullatus","JU",NA,NA,NA,"0",NA,NA,NA,NA,NA,NA,NA,NA,NA,NA,NA
"148","2025-08-18","15:14:00","8180125","4","abacate",NA,"macaco_prego","Sapajus nigritus cucullatus","NI",NA,NA,NA,"0",NA,NA,NA,NA,NA,NA,NA,NA,NA,NA,NA
"149","2025-08-18","15:14:00","8180126","4","abacate","abacate","macaco_prego","Sapajus nigritus cucullatus","JU",NA,NA,NA,"1",NA,NA,NA,NA,NA,NA,NA,NA,NA,NA,NA
"150","2025-08-18","15:20:00","8180128","4","abacate","abacate","macaco_prego","Sapajus nigritus cucullatus","JU",NA,NA,NA,"1",NA,NA,NA,NA,NA,NA,NA,NA,NA,NA,NA
"151","2025-08-19","07:47:00","8180028","3","abacate","abacate","macaco_prego","Sapajus nigritus cucullatus","JU",NA,NA,NA,"1",NA,NA,NA,NA,NA,NA,NA,NA,NA,NA,NA
"152","2025-08-19","07:57:00","8180029","3","abacate","abacate","macaco_prego","Sapajus nigritus cucullatus","NI",NA,NA,NA,"1",NA,NA,NA,NA,NA,NA,NA,NA,NA,NA,NA
"153","2025-08-19","07:57:00","8180029","3","abacate","abacate","macaco_prego","Sapajus nigritus cucullatus","NI",NA,NA,NA,"1",NA,NA,NA,NA,NA,NA,NA,NA,NA,NA,NA
"154","2025-08-19","07:59:00","8180030","3","abacate","abacate","macaco_prego","Sapajus nigritus cucullatus","NI",NA,NA,NA,"1",NA,NA,NA,NA,NA,NA,NA,NA,NA,NA,NA
"155","2025-08-19","07:59:00","8180030","3","abacate",NA,"macaco_prego","Sapajus nigritus cucullatus","NI",NA,NA,NA,"0",NA,NA,NA,NA,NA,NA,NA,NA,NA,NA,NA
"156","2025-08-19","08:01:00","8180031","3","abacate","abacate","macaco_prego","Sapajus nigritus cucullatus","JU",NA,NA,NA,"1",NA,NA,NA,NA,NA,NA,NA,NA,NA,NA,NA
"157","2025-08-19","08:01:00","8180031","3","abacate","abacate","macaco_prego","Sapajus nigritus cucullatus","JU",NA,NA,NA,"1",NA,NA,NA,NA,NA,NA,NA,NA,NA,NA,NA
"158","2025-08-19","08:02:00","8180032","3","abacate","abacate","macaco_prego","Sapajus nigritus cucullatus","JU",NA,NA,NA,"1",NA,NA,NA,NA,NA,NA,NA,NA,NA,NA,NA
"159","2025-08-19","08:02:00","8180032","3","abacate","abacate","macaco_prego","Sapajus nigritus cucullatus","JU",NA,NA,NA,"1",NA,NA,NA,NA,NA,NA,NA,NA,NA,NA,NA
"160","2025-08-19","08:03:00","8180033","3","abacate","abacate","macaco_prego","Sapajus nigritus cucullatus","JU",NA,NA,NA,"1",NA,NA,NA,NA,NA,NA,NA,NA,NA,NA,NA
"161","2025-08-19","08:04:00","8180034","3","abacate","abacate","macaco_prego","Sapajus nigritus cucullatus","JU",NA,NA,NA,"1",NA,NA,NA,NA,NA,NA,NA,NA,NA,NA,NA
"162","2025-08-19","08:04:00","8180034","3","abacate","abacate","macaco_prego","Sapajus nigritus cucullatus","NI",NA,NA,NA,"1",NA,NA,NA,NA,NA,NA,NA,NA,NA,NA,NA
"163","2025-08-19","08:05:00","8180035","3","abacate","abacate","macaco_prego","Sapajus nigritus cucullatus","JU",NA,NA,NA,"1",NA,NA,NA,NA,NA,NA,NA,NA,NA,NA,NA
"164","2025-08-19","08:05:00","8180035","3","abacate",NA,"macaco_prego","Sapajus nigritus cucullatus","NI",NA,NA,NA,"0",NA,NA,NA,NA,NA,NA,NA,NA,NA,NA,NA
"165","2025-08-19","08:06:00","8180036","3","abacate","abacate","macaco_prego","Sapajus nigritus cucullatus","JU",NA,NA,NA,"1",NA,NA,NA,NA,NA,NA,NA,NA,NA,NA,NA
"166","2025-08-19","08:07:00","8180037","3","abacate",NA,"macaco_prego","Sapajus nigritus cucullatus","NI",NA,NA,NA,"0",NA,NA,NA,NA,NA,NA,NA,NA,NA,NA,NA
"167","2025-08-19","08:08:00","8180038","3","abacate","abacate","macaco_prego","Sapajus nigritus cucullatus","NI",NA,NA,NA,"1",NA,NA,NA,NA,NA,NA,NA,NA,NA,NA,NA
"168","2025-08-19","08:09:00","8180039","3","abacate","abacate","macaco_prego","Sapajus nigritus cucullatus","NI",NA,NA,NA,"1",NA,NA,NA,NA,NA,NA,NA,NA,NA,NA,NA
"169","2025-08-19","08:09:00","8180040","3","abacate","abacate","macaco_prego","Sapajus nigritus cucullatus","NI",NA,NA,NA,"1",NA,NA,NA,NA,NA,NA,NA,NA,NA,NA,NA
"170","2025-08-19","08:09:00","8180040","3","abacate","abacate","macaco_prego","Sapajus nigritus cucullatus","NI",NA,NA,NA,"1",NA,NA,NA,NA,NA,NA,NA,NA,NA,NA,NA
"171","2025-08-19","08:10:00","8180041","3","abacate","abacate","macaco_prego","Sapajus nigritus cucullatus","NI",NA,NA,NA,"1",NA,NA,NA,NA,NA,NA,NA,NA,NA,NA,NA
"172","2025-08-19","08:10:00","8180041","3","abacate",NA,"macaco_prego","Sapajus nigritus cucullatus","NI",NA,NA,NA,"0",NA,NA,NA,NA,NA,NA,NA,NA,NA,NA,NA
"173","2025-08-19","08:12:00","8180042","3","abacate",NA,"macaco_prego","Sapajus nigritus cucullatus","NI",NA,NA,NA,"0",NA,NA,NA,NA,NA,NA,NA,NA,NA,NA,NA
"174","2025-08-19","08:12:00","8180044","3","abacate","abacate","macaco_prego","Sapajus nigritus cucullatus","JU",NA,NA,NA,"1",NA,NA,NA,NA,NA,NA,NA,NA,NA,NA,NA
"175","2025-08-19","08:13:00","8180045","3","abacate","abacate","macaco_prego","Sapajus nigritus cucullatus","JU",NA,NA,NA,"1",NA,NA,NA,NA,NA,NA,NA,NA,NA,NA,NA
"176","2025-08-19","08:13:00","8180046","3","abacate",NA,"macaco_prego","Sapajus nigritus cucullatus","JU",NA,NA,NA,"0",NA,NA,NA,NA,NA,NA,NA,NA,NA,NA,NA
"177","2025-08-19","08:13:00","8180046","3","abacate",NA,"macaco_prego","Sapajus nigritus cucullatus","NI",NA,NA,NA,"0",NA,NA,NA,NA,NA,NA,NA,NA,NA,NA,NA
"178","2025-08-19","08:18:00","8180048","3","abacate",NA,"macaco_prego","Sapajus nigritus cucullatus","JU",NA,NA,NA,"0",NA,NA,NA,NA,NA,NA,NA,NA,NA,NA,NA
"179","2025-08-19","08:18:00","8180048","3","abacate","abacate","macaco_prego","Sapajus nigritus cucullatus","NI",NA,NA,NA,"1",NA,NA,NA,NA,NA,NA,NA,NA,NA,NA,NA
"180","2025-08-19","08:19:00","8180049","3","abacate","abacate","macaco_prego","Sapajus nigritus cucullatus","NI",NA,NA,NA,"1",NA,NA,NA,NA,NA,NA,NA,NA,NA,NA,NA
"181","2025-08-19","08:19:00","8180049","3","abacate","abacate","macaco_prego","Sapajus nigritus cucullatus","NI",NA,NA,NA,"1",NA,NA,NA,NA,NA,NA,NA,NA,NA,NA,NA
"182","2025-08-19","08:20:00","8180050","3","abacate","abacate","macaco_prego","Sapajus nigritus cucullatus","NI",NA,NA,NA,"1",NA,NA,NA,NA,NA,NA,NA,NA,NA,NA,NA
"183","2025-08-19","08:22:00","8180051","3","abacate","abacate","macaco_prego","Sapajus nigritus cucullatus","JU",NA,NA,NA,"1",NA,NA,NA,NA,NA,NA,NA,NA,NA,NA,NA
"184","2025-08-19","08:24:00","8180052","3","abacate","abacate","macaco_prego","Sapajus nigritus cucullatus","NI",NA,NA,NA,"1",NA,NA,NA,NA,NA,NA,NA,NA,NA,NA,NA
"185","2025-08-19","08:26:00","8190130","4",NA,NA,"macaco_prego","Sapajus nigritus cucullatus","NI",NA,NA,NA,"0",NA,NA,NA,NA,NA,NA,NA,NA,NA,NA,NA
"186","2025-08-19","08:27:00","8190132","4",NA,NA,"macaco_prego","Sapajus nigritus cucullatus","NI",NA,NA,NA,"0",NA,NA,NA,NA,NA,NA,NA,NA,NA,NA,NA
"187","2025-08-19","08:29:00","8180053","3","abacate","abacate","macaco_prego","Sapajus nigritus cucullatus","NI",NA,NA,NA,"1",NA,NA,NA,NA,NA,NA,NA,NA,NA,NA,NA
"188","2025-08-19","08:29:00","8190133","4",NA,NA,"macaco_prego","Sapajus nigritus cucullatus","JU",NA,NA,NA,"0",NA,NA,NA,NA,NA,NA,NA,NA,NA,NA,NA
"189","2025-08-19","08:30:00","8180054","3","abacate",NA,"macaco_prego","Sapajus nigritus cucullatus","NI",NA,NA,NA,"0",NA,NA,NA,NA,NA,NA,NA,NA,NA,NA,NA
"190","2025-08-19","08:31:00","8180055","3","abacate","abacate","macaco_prego","Sapajus nigritus cucullatus","NI",NA,NA,NA,"1",NA,NA,NA,NA,NA,NA,NA,NA,NA,NA,NA
"191","2025-08-19","08:32:00","8190134","4",NA,NA,"macaco_prego","Sapajus nigritus cucullatus","NI",NA,NA,NA,"0",NA,NA,NA,NA,NA,NA,NA,NA,NA,NA,NA
"192","2025-08-19","08:32:00","8190134","4",NA,NA,"macaco_prego","Sapajus nigritus cucullatus","NI",NA,NA,NA,"0",NA,NA,NA,NA,NA,NA,NA,NA,NA,NA,NA
"193","2025-08-19","08:32:00","8190135","4",NA,NA,"macaco_prego","Sapajus nigritus cucullatus","NI",NA,NA,NA,"0",NA,NA,NA,NA,NA,NA,NA,NA,NA,NA,NA
"194","2025-08-19","08:33:00","8190136","4","abacate","abacate","macaco_prego","Sapajus nigritus cucullatus","NI",NA,NA,NA,"1",NA,NA,NA,NA,NA,NA,NA,NA,NA,NA,NA
"195","2025-08-19","08:33:00","8190137","4","abacate","abacate","macaco_prego","Sapajus nigritus cucullatus","NI",NA,NA,NA,"1",NA,NA,NA,NA,NA,NA,NA,NA,NA,NA,NA
"196","2025-08-19","08:33:00","8190138","4",NA,NA,"macaco_prego","Sapajus nigritus cucullatus","NI",NA,NA,NA,"0",NA,NA,NA,NA,NA,NA,NA,NA,NA,NA,NA
"197","2025-08-19","08:34:00","8190139","4",NA,NA,"macaco_prego","Sapajus nigritus cucullatus","NI",NA,NA,NA,"0",NA,NA,NA,NA,NA,NA,NA,NA,NA,NA,NA
"198","2025-08-19","08:37:00","8180057","3","abacate","abacate","macaco_prego","Sapajus nigritus cucullatus","NI",NA,NA,NA,"1",NA,NA,NA,NA,NA,NA,NA,NA,NA,NA,NA
"199","2025-08-19","08:39:00","8180058","3","abacate","abacate","macaco_prego","Sapajus nigritus cucullatus","NI",NA,NA,NA,"1",NA,NA,NA,NA,NA,NA,NA,NA,NA,NA,NA
"200","2025-08-19","08:40:00","8180059","3","abacate","abacate","macaco_prego","Sapajus nigritus cucullatus","NI",NA,NA,NA,"1",NA,NA,NA,NA,NA,NA,NA,NA,NA,NA,NA
"201","2025-08-19","08:45:00","8190141","4","abacate","abacate","macaco_prego","Sapajus nigritus cucullatus","NI",NA,NA,NA,"1",NA,NA,NA,NA,NA,NA,NA,NA,NA,NA,NA
"202","2025-08-19","08:46:00","8190142","4","abacate",NA,"macaco_prego","Sapajus nigritus cucullatus","NI",NA,NA,NA,"0",NA,NA,NA,NA,NA,NA,NA,NA,NA,NA,NA
"203","2025-08-19","08:46:00","8190143","4","abacate",NA,"macaco_prego","Sapajus nigritus cucullatus","NI",NA,NA,NA,"0",NA,NA,NA,NA,NA,NA,NA,NA,NA,NA,NA
"204","2025-08-19","08:46:00","8190143","4","abacate",NA,"macaco_prego","Sapajus nigritus cucullatus","NI",NA,NA,NA,"0",NA,NA,NA,NA,NA,NA,NA,NA,NA,NA,NA
"205","2025-08-19","08:47:00","8190144","4","abacate","abacate","macaco_prego","Sapajus nigritus cucullatus","NI",NA,NA,NA,"1",NA,NA,NA,NA,NA,NA,NA,NA,NA,NA,NA
"206","2025-08-19","08:47:00","8190145","4","abacate",NA,"macaco_prego","Sapajus nigritus cucullatus","NI",NA,NA,NA,"0",NA,NA,NA,NA,NA,NA,NA,NA,NA,NA,NA
"207","2025-08-19","08:51:00","8180063","3",NA,NA,"macaco_prego","Sapajus nigritus cucullatus","NI",NA,NA,NA,"0",NA,NA,NA,NA,NA,NA,NA,NA,NA,NA,NA
"208","2025-08-19","08:51:00","8180064","3",NA,NA,"macaco_prego","Sapajus nigritus cucullatus","NI",NA,NA,NA,"0",NA,NA,NA,NA,NA,NA,NA,NA,NA,NA,NA
"209","2025-08-19","08:51:00","8180065","3",NA,NA,"macaco_prego","Sapajus nigritus cucullatus","NI",NA,NA,NA,"0",NA,NA,NA,NA,NA,NA,NA,NA,NA,NA,NA
"210","2025-08-19","08:52:00","8180066","3",NA,NA,"macaco_prego","Sapajus nigritus cucullatus","NI",NA,NA,NA,"0",NA,NA,NA,NA,NA,NA,NA,NA,NA,NA,NA
"211","2025-08-19","08:52:00","8180067","3",NA,NA,"macaco_prego","Sapajus nigritus cucullatus","NI",NA,NA,NA,"0",NA,NA,NA,NA,NA,NA,NA,NA,NA,NA,NA
"212","2025-08-19","08:51:00","8190146","4","abacate","abacate","macaco_prego","Sapajus nigritus cucullatus","NI",NA,NA,NA,"1",NA,NA,NA,NA,NA,NA,NA,NA,NA,NA,NA
"213","2025-08-19","08:58:00","8190147","4","abacate",NA,"macaco_prego","Sapajus nigritus cucullatus","NI",NA,NA,NA,"0",NA,NA,NA,NA,NA,NA,NA,NA,NA,NA,NA
"214","2025-08-19","08:58:00","8190148","4","abacate",NA,"macaco_prego","Sapajus nigritus cucullatus","NI",NA,NA,NA,"0",NA,NA,NA,NA,NA,NA,NA,NA,NA,NA,NA
"215","2025-08-19","09:06:00","8180068","3",NA,"restos","macaco_prego","Sapajus nigritus cucullatus","NI",NA,NA,NA,"1",NA,NA,NA,NA,NA,NA,NA,NA,NA,NA,NA
"216","2025-08-19","09:09:00","8180069","3",NA,"restos","macaco_prego","Sapajus nigritus cucullatus","NI",NA,NA,NA,"1",NA,NA,NA,NA,NA,NA,NA,NA,NA,NA,NA
"217","2025-08-19","09:10:00","8180070","3",NA,NA,"macaco_prego","Sapajus nigritus cucullatus","NI",NA,NA,NA,"0",NA,NA,NA,NA,NA,NA,NA,NA,NA,NA,NA
"218","2025-08-19","09:10:00","8180070","3",NA,NA,"macaco_prego","Sapajus nigritus cucullatus","NI",NA,NA,NA,"0",NA,NA,NA,NA,NA,NA,NA,NA,NA,NA,NA
"219","2025-08-19","09:11:00","8180071","3",NA,NA,"macaco_prego","Sapajus nigritus cucullatus","NI",NA,NA,NA,"0",NA,NA,NA,NA,NA,NA,NA,NA,NA,NA,NA
"220","2025-08-19","09:12:00","8180072","3",NA,NA,"macaco_prego","Sapajus nigritus cucullatus","NI",NA,NA,NA,"0",NA,NA,NA,NA,NA,NA,NA,NA,NA,NA,NA
"221","2025-08-25","12:42:00","8250105","3",NA,NA,"macaco_prego","Sapajus nigritus cucullatus","NI",NA,NA,NA,"0",NA,NA,NA,NA,NA,NA,NA,NA,NA,NA,NA
"222","2025-08-25","13:01:00","8250106","3",NA,NA,"macaco_prego","Sapajus nigritus cucullatus","JU",NA,NA,NA,"0",NA,NA,NA,NA,NA,NA,NA,NA,NA,NA,NA
"223","2025-08-25","13:03:00","8250107","3",NA,NA,"macaco_prego","Sapajus nigritus cucullatus","JU",NA,NA,NA,"0",NA,NA,NA,NA,NA,NA,NA,NA,NA,NA,NA
"224","2025-08-25","13:03:00","8250108","3",NA,NA,"macaco_prego","Sapajus nigritus cucullatus","JU",NA,NA,NA,"0",NA,NA,NA,NA,NA,NA,NA,NA,NA,NA,NA
"225","2025-08-25","13:12:00","8250109","3",NA,NA,"macaco_prego","Sapajus nigritus cucullatus","NI",NA,NA,NA,"0",NA,NA,NA,NA,NA,NA,NA,NA,NA,NA,NA
"226","2025-08-25","13:14:00","8250192","4",NA,NA,"macaco_prego","Sapajus nigritus cucullatus","NI",NA,NA,NA,"0",NA,NA,1,NA,NA,NA,NA,NA,NA,NA,NA
"227","2025-08-25","13:15:00","8250193","4",NA,NA,"macaco_prego","Sapajus nigritus cucullatus","NI",NA,NA,NA,"0",NA,NA,NA,NA,NA,NA,NA,NA,NA,NA,NA
"228","2025-08-25","13:16:00","8250194","4",NA,NA,"macaco_prego","Sapajus nigritus cucullatus","NI",NA,NA,NA,"0",NA,NA,1,NA,NA,NA,NA,NA,NA,NA,NA
"229","2025-08-25","13:16:00","8250195","4",NA,"restos","macaco_prego","Sapajus nigritus cucullatus","NI",NA,NA,NA,"1",NA,NA,NA,NA,NA,NA,NA,NA,NA,NA,NA
"230","2025-08-25","13:16:00","8250195","4",NA,NA,"macaco_prego","Sapajus nigritus cucullatus","NI",NA,NA,NA,"0",NA,NA,NA,NA,NA,NA,1,NA,NA,NA,NA
"231","2025-08-25","13:17:00","8250196","4",NA,NA,"macaco_prego","Sapajus nigritus cucullatus","NI",NA,NA,NA,"0",NA,NA,NA,NA,NA,NA,NA,NA,NA,NA,NA
"232","2025-08-25","13:20:00","8250110","3",NA,NA,"macaco_prego","Sapajus nigritus cucullatus","NI",NA,NA,NA,"0",NA,NA,NA,NA,NA,NA,NA,NA,NA,NA,NA
"233","2025-08-25","13:25:00","8250197","4",NA,NA,"macaco_prego","Sapajus nigritus cucullatus","NI",NA,NA,NA,"0",NA,NA,NA,NA,NA,NA,NA,NA,NA,NA,NA
"234","2025-08-25","13:25:00","8250197","4",NA,NA,"macaco_prego","Sapajus nigritus cucullatus","NI",NA,NA,NA,"0",1,NA,NA,NA,NA,NA,NA,NA,NA,NA,NA
"235","2025-08-25","13:25:00","8250198","4",NA,NA,"macaco_prego","Sapajus nigritus cucullatus","NI",NA,NA,NA,"0",NA,NA,NA,NA,NA,NA,NA,NA,NA,NA,NA
"236","2025-08-25","13:25:00","8250198","4",NA,NA,"macaco_prego","Sapajus nigritus cucullatus","NI",NA,NA,NA,"0",NA,NA,NA,NA,NA,NA,NA,NA,NA,NA,NA
"237","2025-08-25","13:25:00","8250198","4",NA,NA,"macaco_prego","Sapajus nigritus cucullatus","NI",NA,NA,NA,"0",NA,NA,NA,NA,NA,NA,NA,NA,NA,NA,NA
"238","2025-08-25","13:25:00","8250198","4",NA,NA,"macaco_prego","Sapajus nigritus cucullatus","NI",NA,NA,NA,"0",NA,NA,NA,NA,NA,NA,NA,NA,NA,NA,NA
"239","2025-08-25","13:26:00","8250199","4",NA,NA,"macaco_prego","Sapajus nigritus cucullatus","NI",NA,NA,NA,"0",NA,NA,NA,NA,NA,NA,NA,NA,NA,NA,NA
"240","2025-08-25","13:26:00","8250199","4",NA,NA,"macaco_prego","Sapajus nigritus cucullatus","NI",NA,NA,NA,"0",NA,NA,NA,NA,NA,NA,NA,NA,NA,NA,NA
"241","2025-08-25","13:26:00","8250199","4",NA,"trigo","macaco_prego","Sapajus nigritus cucullatus","NI",NA,NA,NA,"1",NA,NA,NA,NA,NA,NA,NA,NA,NA,NA,NA
"242","2025-08-25","13:26:00","8250200","4",NA,NA,"macaco_prego","Sapajus nigritus cucullatus","NI",NA,NA,NA,"0",NA,NA,NA,NA,NA,NA,NA,NA,NA,NA,NA
"243","2025-08-25","13:26:00","8250200","4",NA,NA,"macaco_prego","Sapajus nigritus cucullatus","NI",NA,NA,NA,"0",NA,NA,NA,NA,NA,NA,NA,NA,NA,NA,NA
"244","2025-08-25","13:26:00","8250200","4",NA,"trigo","macaco_prego","Sapajus nigritus cucullatus","NI",NA,NA,NA,"1",NA,NA,NA,NA,NA,NA,NA,NA,NA,NA,NA
"245","2025-08-25","13:26:00","8250201","4",NA,"trigo","macaco_prego","Sapajus nigritus cucullatus","NI",NA,NA,NA,"1",NA,NA,NA,NA,NA,NA,NA,NA,NA,NA,NA
"246","2025-08-25","13:27:00","8250202","4",NA,NA,"macaco_prego","Sapajus nigritus cucullatus","NI",NA,NA,NA,"0",NA,NA,NA,NA,NA,NA,NA,NA,NA,NA,NA
"247","2025-08-25","13:27:00","8250202","4",NA,NA,"macaco_prego","Sapajus nigritus cucullatus","NI",NA,NA,NA,"0",NA,NA,NA,NA,NA,NA,NA,NA,NA,NA,NA
"248","2025-08-25","13:27:00","8250203","4",NA,NA,"macaco_prego","Sapajus nigritus cucullatus","JU",NA,NA,NA,"0",NA,NA,NA,NA,NA,NA,NA,NA,NA,NA,NA
"249","2025-08-25","13:29:00","8250204","4",NA,NA,"macaco_prego","Sapajus nigritus cucullatus","NI",NA,NA,NA,"0",NA,NA,NA,NA,NA,NA,NA,NA,NA,NA,NA
"250","2025-08-25","13:29:00","8250204","4",NA,NA,"macaco_prego","Sapajus nigritus cucullatus","NI",NA,NA,NA,"0",NA,NA,NA,NA,NA,NA,NA,NA,NA,NA,NA
"251","2025-08-25","13:30:00","8250205","4",NA,NA,"macaco_prego","Sapajus nigritus cucullatus","NI",NA,NA,NA,"0",NA,NA,NA,NA,NA,NA,NA,NA,NA,NA,NA
"252","2025-08-25","13:40:00","8250206","4",NA,NA,"macaco_prego","Sapajus nigritus cucullatus","NI",NA,NA,NA,"0",NA,NA,NA,NA,NA,NA,NA,NA,NA,NA,NA
"253","2025-08-25","13:41:00","8250207","4",NA,NA,"macaco_prego","Sapajus nigritus cucullatus","NI",NA,NA,NA,"0",NA,NA,NA,NA,NA,NA,NA,NA,NA,NA,NA
"254","2025-08-25","13:41:00","8250207","4",NA,NA,"macaco_prego","Sapajus nigritus cucullatus","JU",NA,NA,NA,"0",NA,NA,NA,NA,NA,NA,NA,NA,NA,NA,NA
"255","2025-08-25","13:45:00","8250208","4",NA,NA,"macaco_prego","Sapajus nigritus cucullatus","NI",NA,NA,NA,"0",NA,NA,NA,NA,NA,NA,NA,NA,NA,NA,NA
"256","2025-08-25","13:45:00","8250208","4",NA,NA,"macaco_prego","Sapajus nigritus cucullatus","NI",NA,NA,NA,"0",NA,NA,NA,NA,NA,NA,NA,NA,NA,NA,NA
"257","2025-08-25","13:46:00","8250209","4",NA,NA,"macaco_prego","Sapajus nigritus cucullatus","JU",NA,NA,NA,"0",NA,NA,NA,NA,NA,NA,NA,NA,NA,NA,NA
"258","2025-08-25","13:47:00","8250210","4",NA,NA,"macaco_prego","Sapajus nigritus cucullatus","NI",NA,NA,NA,"0",NA,NA,NA,NA,NA,NA,NA,NA,NA,NA,NA
"259","2025-08-25","13:47:00","8250210","4",NA,NA,"macaco_prego","Sapajus nigritus cucullatus","NI",NA,NA,NA,"0",NA,NA,NA,NA,NA,NA,NA,NA,NA,NA,NA
"260","2025-08-25","13:50:00","8250211","4",NA,NA,"macaco_prego","Sapajus nigritus cucullatus","NI",NA,NA,NA,"1",NA,NA,NA,NA,NA,NA,NA,NA,NA,NA,NA
"261","2025-08-25","14:14:00","8250212","4",NA,"restos","macaco_prego","Sapajus nigritus cucullatus","NI",NA,NA,NA,"1",NA,NA,NA,NA,NA,NA,NA,NA,NA,NA,NA
"262","2025-08-25","14:26:00","8250214","4",NA,NA,"macaco_prego","Sapajus nigritus cucullatus","NI",NA,NA,NA,"0",NA,NA,NA,NA,NA,NA,NA,NA,NA,NA,NA
"263","2025-08-25","14:27:00","8250216","4",NA,NA,"macaco_prego","Sapajus nigritus cucullatus","NI",NA,NA,NA,"0",NA,NA,NA,NA,NA,NA,NA,NA,NA,NA,NA
"264","2025-08-25","14:27:00","8250217","4",NA,NA,"macaco_prego","Sapajus nigritus cucullatus","NI",NA,NA,NA,"0",NA,NA,NA,NA,NA,NA,NA,NA,NA,NA,NA
"265","2025-08-25","14:28:00","8250218","4",NA,NA,"macaco_prego","Sapajus nigritus cucullatus","NI",NA,NA,NA,"0",NA,NA,NA,NA,NA,NA,NA,NA,NA,NA,NA
"266","2025-08-25","14:29:00","8250219","4",NA,NA,"macaco_prego","Sapajus nigritus cucullatus","NI",NA,NA,NA,"0",NA,NA,NA,NA,NA,NA,NA,NA,NA,NA,NA
"267","2025-08-28","13:27:00","8280111","3",NA,NA,"macaco_prego","Sapajus nigritus cucullatus","NI",NA,NA,NA,"0",NA,NA,NA,NA,NA,NA,NA,NA,NA,NA,NA
"268","2025-08-28","13:47:00","8280221","4",NA,NA,"macaco_prego","Sapajus nigritus cucullatus","NI",NA,NA,NA,"0",NA,NA,NA,NA,NA,NA,NA,NA,NA,NA,NA
"269","2025-08-28","13:48:00","8280222","4",NA,NA,"macaco_prego","Sapajus nigritus cucullatus","NI",NA,NA,NA,"0",NA,NA,NA,NA,NA,NA,NA,NA,NA,NA,NA
"270","2025-09-11","15:57:00","9110215","3","melao",NA,"macaco_prego","Sapajus nigritus cucullatus","FA",NA,NA,NA,"0",NA,NA,NA,NA,NA,NA,NA,NA,NA,NA,NA
"271","2025-09-11","16:00:00","9110216","3","melao","melao","macaco_prego","Sapajus nigritus cucullatus","FA",NA,NA,NA,"1",NA,NA,NA,NA,NA,NA,NA,NA,NA,NA,NA
"272","2025-09-11","16:00:00","9110216","3","melao",NA,"macaco_prego","Sapajus nigritus cucullatus","FA",NA,NA,NA,"0",NA,NA,NA,NA,NA,NA,NA,NA,NA,NA,NA
"273","2025-09-11","16:00:00","9110216","3","melao",NA,"macaco_prego","Sapajus nigritus cucullatus","FA",NA,NA,NA,"0",NA,NA,NA,NA,NA,NA,NA,NA,NA,NA,NA
"274","2025-09-11","16:02:00","9110217","3","melao","melao","macaco_prego","Sapajus nigritus cucullatus","JU",NA,NA,NA,"1",NA,NA,NA,NA,NA,NA,NA,NA,NA,NA,NA
"275","2025-09-11","16:02:00","9110217","3","melao",NA,"macaco_prego","Sapajus nigritus cucullatus","JU",NA,NA,NA,"0",NA,NA,NA,NA,NA,NA,NA,NA,NA,NA,NA
"276","2025-09-11","16:02:00","9110217","3","melao",NA,"macaco_prego","Sapajus nigritus cucullatus","FA",NA,NA,NA,"0",NA,NA,NA,NA,NA,NA,NA,NA,NA,NA,NA
"277","2025-09-11","16:03:00","9110218","3","melao","melao","macaco_prego","Sapajus nigritus cucullatus","MA",NA,NA,NA,"1",NA,NA,NA,NA,NA,NA,NA,NA,NA,NA,NA
"278","2025-09-11","16:03:00","9110218","3","melao","melao","macaco_prego","Sapajus nigritus cucullatus","FA",NA,NA,NA,"1",NA,NA,NA,NA,NA,NA,NA,NA,NA,NA,NA
"279","2025-09-11","16:03:00","9110218","3","melao","melao","macaco_prego","Sapajus nigritus cucullatus","JU",NA,NA,NA,"1",NA,NA,NA,NA,NA,NA,NA,NA,NA,NA,NA
"280","2025-09-11","16:03:00","9110218","3","melao","melao","macaco_prego","Sapajus nigritus cucullatus","JU",NA,NA,NA,"1",NA,NA,NA,NA,NA,NA,NA,NA,NA,NA,NA
"281","2025-09-11","16:03:00","9110218","3","melao",NA,"macaco_prego","Sapajus nigritus cucullatus","JU",NA,NA,NA,"0",NA,NA,NA,NA,NA,NA,NA,NA,NA,NA,NA
"282","2025-09-11","16:03:00","9110218","3","melao",NA,"macaco_prego","Sapajus nigritus cucullatus","JU",NA,NA,NA,"0",NA,NA,NA,NA,NA,NA,NA,NA,NA,NA,NA
"283","2025-09-11","16:03:00","9110218","3","melao","melao","macaco_prego","Sapajus nigritus cucullatus","NI",NA,NA,NA,"1",NA,NA,NA,NA,NA,NA,NA,NA,NA,NA,NA
"284","2025-09-11","16:03:00","9110218","3","melao","melao","macaco_prego","Sapajus nigritus cucullatus","NI",NA,NA,NA,"1",NA,NA,NA,NA,NA,NA,NA,NA,NA,NA,NA
"285","2025-09-11","16:04:00","9110219","3","melao","melao","macaco_prego","Sapajus nigritus cucullatus","MA",NA,NA,NA,"1",NA,NA,NA,NA,NA,NA,NA,NA,NA,NA,NA
"286","2025-09-11","16:04:00","9110219","3","melao",NA,"macaco_prego","Sapajus nigritus cucullatus","NI",NA,NA,NA,"0",NA,NA,NA,NA,NA,NA,NA,NA,NA,NA,NA
"287","2025-09-11","16:04:00","9110219","3","melao",NA,"macaco_prego","Sapajus nigritus cucullatus","NI",NA,NA,NA,"0",NA,NA,NA,NA,NA,NA,NA,NA,NA,NA,NA
"288","2025-09-11","16:04:00","9110219","3","melao","melao","macaco_prego","Sapajus nigritus cucullatus","JU",NA,NA,NA,"1",NA,NA,NA,NA,NA,NA,NA,NA,NA,NA,NA
"289","2025-09-11","16:04:00","9110219","3","melao","melao","macaco_prego","Sapajus nigritus cucullatus","JU",NA,NA,NA,"1",NA,NA,NA,NA,NA,NA,NA,NA,NA,NA,NA
"290","2025-09-11","16:04:00","9110219","3","melao","melao","macaco_prego","Sapajus nigritus cucullatus","JU",NA,NA,NA,"1",NA,NA,NA,NA,NA,NA,NA,NA,NA,NA,NA
"291","2025-09-11","16:04:00","9110219","3","melao","melao","macaco_prego","Sapajus nigritus cucullatus","NI",NA,NA,NA,"1",NA,NA,NA,NA,NA,NA,NA,NA,NA,NA,NA
"292","2025-09-11","16:04:00","9110219","3","melao","melao","macaco_prego","Sapajus nigritus cucullatus","NI",NA,NA,NA,"1",NA,NA,NA,NA,NA,NA,NA,NA,NA,NA,NA
"293","2025-09-11","16:04:00","9110220","3","melao",NA,"macaco_prego","Sapajus nigritus cucullatus","JU",NA,NA,NA,"0",NA,NA,NA,NA,NA,NA,NA,NA,NA,NA,NA
"294","2025-09-11","16:04:00","9110220","3","melao",NA,"macaco_prego","Sapajus nigritus cucullatus","NI",NA,NA,NA,"0",NA,NA,NA,NA,NA,NA,NA,NA,NA,NA,NA
"295","2025-09-11","16:04:00","9110220","3","melao","melao","macaco_prego","Sapajus nigritus cucullatus","JU",NA,NA,NA,"1",NA,NA,NA,NA,NA,NA,NA,NA,NA,NA,NA
"296","2025-09-11","16:04:00","9110220","3","melao","melao","macaco_prego","Sapajus nigritus cucullatus","MA",NA,NA,NA,"1",NA,NA,NA,NA,NA,NA,NA,NA,NA,NA,NA
"297","2025-09-11","16:04:00","9110220","3","melao","melao","macaco_prego","Sapajus nigritus cucullatus","FA",NA,NA,NA,"1",NA,NA,NA,NA,NA,NA,NA,NA,NA,NA,NA
"298","2025-09-11","16:04:00","9110220","3","melao",NA,"macaco_prego","Sapajus nigritus cucullatus","NI",NA,NA,NA,"0",NA,NA,NA,NA,NA,NA,NA,NA,NA,NA,NA
"299","2025-09-11","16:04:00","9110220","3","melao",NA,"macaco_prego","Sapajus nigritus cucullatus","JU",NA,NA,NA,"1",NA,NA,NA,NA,NA,NA,NA,NA,NA,NA,NA
"300","2025-09-11","16:04:00","9110221","3","melao","melao","macaco_prego","Sapajus nigritus cucullatus","JU",NA,NA,NA,"1",NA,NA,NA,NA,NA,NA,NA,NA,NA,NA,NA
"301","2025-09-11","16:04:00","9110221","3","melao",NA,"macaco_prego","Sapajus nigritus cucullatus","JU",NA,NA,NA,"0",NA,NA,NA,NA,NA,NA,NA,NA,NA,NA,NA
"302","2025-09-11","16:04:00","9110221","3","melao",NA,"macaco_prego","Sapajus nigritus cucullatus","NI",NA,NA,NA,"0",NA,NA,NA,NA,NA,NA,NA,NA,NA,NA,NA
"303","2025-09-11","16:04:00","9110221","3","melao","melao","macaco_prego","Sapajus nigritus cucullatus","NI",NA,NA,NA,"1",NA,NA,NA,NA,NA,NA,NA,NA,NA,NA,NA
"304","2025-09-11","16:04:00","9110221","3","melao","melao","macaco_prego","Sapajus nigritus cucullatus","NI",NA,NA,NA,"1",NA,NA,NA,NA,NA,NA,NA,NA,NA,NA,NA
"305","2025-09-11","16:04:00","9110221","3","melao",NA,"macaco_prego","Sapajus nigritus cucullatus","NI",NA,NA,NA,"0",NA,NA,NA,NA,NA,NA,NA,NA,NA,NA,NA
"306","2025-09-11","16:05:00","9110222","3","melao","melao","macaco_prego","Sapajus nigritus cucullatus","NI",NA,NA,NA,"1",NA,NA,NA,NA,NA,NA,NA,NA,NA,NA,NA
"307","2025-09-11","16:05:00","9110222","3","melao","melao","macaco_prego","Sapajus nigritus cucullatus","JU",NA,NA,NA,"1",NA,NA,NA,NA,NA,NA,NA,NA,NA,NA,NA
"308","2025-09-11","16:05:00","9110222","3","melao","melao","macaco_prego","Sapajus nigritus cucullatus","JU",NA,NA,NA,"1",NA,NA,NA,NA,NA,NA,NA,NA,NA,NA,NA
"309","2025-09-11","16:05:00","9110222","3","melao","melao","macaco_prego","Sapajus nigritus cucullatus","NI",NA,NA,NA,"1",NA,NA,NA,NA,NA,NA,NA,NA,NA,NA,NA
"310","2025-09-11","16:05:00","9110223","3","melao","melao","macaco_prego","Sapajus nigritus cucullatus","FA",NA,NA,NA,"1",NA,NA,NA,NA,NA,NA,NA,NA,NA,NA,NA
"311","2025-09-11","16:05:00","9110223","3","melao","melao","macaco_prego","Sapajus nigritus cucullatus","JU",NA,NA,NA,"1",NA,NA,NA,NA,NA,NA,NA,NA,NA,NA,NA
"312","2025-09-11","16:05:00","9110223","3","melao","melao","macaco_prego","Sapajus nigritus cucullatus","NI",NA,NA,NA,"1",NA,NA,NA,NA,NA,NA,NA,NA,NA,NA,NA
"313","2025-09-11","16:05:00","9110223","3","melao",NA,"macaco_prego","Sapajus nigritus cucullatus","NI",NA,NA,NA,"0",NA,NA,NA,NA,NA,NA,NA,NA,NA,NA,NA
"314","2025-09-11","16:08:00","9110224","3","melao","melao","macaco_prego","Sapajus nigritus cucullatus","JU",NA,NA,NA,"1",NA,NA,NA,NA,NA,NA,NA,NA,NA,NA,NA
"315","2025-09-11","16:09:00","9110225","3","melao",NA,"macaco_prego","Sapajus nigritus cucullatus","JU",NA,NA,NA,"0",NA,NA,NA,NA,NA,NA,NA,NA,NA,NA,NA
"316","2025-09-11","16:09:00","9110226","3","melao","melao","macaco_prego","Sapajus nigritus cucullatus","JU",NA,NA,NA,"1",NA,NA,NA,NA,NA,NA,NA,NA,NA,NA,NA
